{"politics": {"labour": 0.4429824778952024, "mr": 0.43852104725332636, "elect": 0.4279174699075776}, "tech": {"mobil": 0.33746546070394956, "softwar": 0.31584512618089255, "technolog": 0.31408900262669076}, "sport": {"game": 0.34770541243539804, "win": 0.3115818550292841, "england": 0.29660741598803014}, "entertainment": {"film": 0.6770918950862722, "award": 0.3742225007943354, "star": 0.3700390254530779}, "business": {"firm": 0.2859560736911447, "bank": 0.2717335430889336, "compani": 0.2635866417489283}}